name,country,status,match_title,score,image
1488 (Tullibardine),Reino Unido,found,existing,,https://upload.wikimedia.org/wikipedia/commons/thumb/0/05/B._Leyendecker_-_Elector_Johann_Cicero_before_Stendal_during_the_local_uprising_against_beer_tax%2C_1488.jpg/500px-B._Leyendecker_-_Elector_Johann_Cicero_before_Stendal_during_the_local_uprising_against_beer_tax%2C_1488.jpg
1698 (Shepherd Neame),Reino Unido,found,existing,,https://upload.wikimedia.org/wikipedia/commons/thumb/6/6f/Colinton_%28AU%29%2C_Bir-Zebbug_--_2019_--_1698.jpg/500px-Colinton_%28AU%29%2C_Bir-Zebbug_--_2019_--_1698.jpg
Abbaye des Rocs,Bélgica,found,File:Brasserie de l'Abbaye des Rocs.jpg,175.0,https://upload.wikimedia.org/wikipedia/commons/thumb/4/43/Brasserie_de_l%27Abbaye_des_Rocs.jpg/500px-Brasserie_de_l%27Abbaye_des_Rocs.jpg
Abbaye du Mont St. Aubert,Bélgica,fallback,,,
Abbaye St. Landelin,Francia,fallback,,,
Abbot Ale,Reino Unido,found,File:Abbot Ale.JPG,184.0,https://upload.wikimedia.org/wikipedia/commons/thumb/6/69/Abbot_Ale.JPG/500px-Abbot_Ale.JPG
Achel Dubble,Bélgica,fallback,File:Achel beer.jpg,129.0,
Achel Triple,Bélgica,fallback,File:Achel beer.jpg,129.0,
Adelscott,Francia,found,File:Adelscott beer FR.JPG,184.0,https://upload.wikimedia.org/wikipedia/commons/thumb/a/aa/Adelscott_beer_FR.JPG/500px-Adelscott_beer_FR.JPG
Agua Bendita,Canadá,fallback,,,
Ale Hardy,Canadá,found,File:Thomas Hardy's Ale 001.jpg,129.0,https://upload.wikimedia.org/wikipedia/commons/thumb/e/e9/Thomas_Hardy%27s_Ale_001.jpg/500px-Thomas_Hardy%27s_Ale_001.jpg
Alhambra (Reserva 1925),España,found,File:Cerveza-alhambra-reserva-1925.jpg,184.0,https://upload.wikimedia.org/wikipedia/commons/thumb/3/36/Cerveza-alhambra-reserva-1925.jpg/500px-Cerveza-alhambra-reserva-1925.jpg
Alhambra Especial,España,fallback,File:Cerveza Alhambra.jpg,129.0,
Altenmunster,Alemania,found,File:Altenmünster Brauer Bier Hopfig Herb.jpg,184.0,https://upload.wikimedia.org/wikipedia/commons/thumb/0/00/Altenm%C3%BCnster_Brauer_Bier_Hopfig_Herb.jpg/500px-Altenm%C3%BCnster_Brauer_Bier_Hopfig_Herb.jpg
Altura de Vuelo,España,fallback,,,
Anchor Liberty Ale,Estados Unidos,fallback,,,
Anchor Porter,Estados Unidos,fallback,"File:Beer, the Anchor Inn - geograph.org.uk - 2261390.jpg",129.0,
Anchor Steam,Estados Unidos,found,File:Anchor Steam Beer flag.JPG,184.0,https://upload.wikimedia.org/wikipedia/commons/thumb/f/f3/Anchor_Steam_Beer_flag.JPG/500px-Anchor_Steam_Beer_flag.JPG
Andechs Bergbock Hell,Alemania,found,File:Andechs Bergbock Hell Starkbier.JPG,175.0,https://upload.wikimedia.org/wikipedia/commons/thumb/7/76/Andechs_Bergbock_Hell_Starkbier.JPG/500px-Andechs_Bergbock_Hell_Starkbier.JPG
Andechs Doppel Bock,Alemania,found,File:Andechs Doppelbock dunkel.JPG,167.0,https://upload.wikimedia.org/wikipedia/commons/thumb/e/ec/Andechs_Doppelbock_dunkel.JPG/500px-Andechs_Doppelbock_dunkel.JPG
Andechs Special Hell,Alemania,fallback,,,
Andechs Weissbier,Alemania,found,File:Kloster Andechs Weissbier Hell.jpg,175.0,https://upload.wikimedia.org/wikipedia/commons/thumb/7/7f/Kloster_Andechs_Weissbier_Hell.jpg/500px-Kloster_Andechs_Weissbier_Hell.jpg
Anderson Valley Barney Flast Oatmeal Stout,Estados Unidos,fallback,File:Anderson Valley Brewing Company - Beer.jpg,85.8,
Anderson Valley Boont Amber Ale,Estados Unidos,fallback,File:Anderson Valley Brewing Company - Beer.jpg,105.0,
Anderson Valley Hop Ottin India Pale Ale,Estados Unidos,fallback,File:Anderson Valley Brewing Company - Beer.jpg,93.0,
Asahi,Japón,found,File:Jingisukan at Asahi Beer Community Hall.jpg,184.0,https://upload.wikimedia.org/wikipedia/commons/thumb/e/e9/Jingisukan_at_Asahi_Beer_Community_Hall.jpg/500px-Jingisukan_at_Asahi_Beer_Community_Hall.jpg
Augustijn,Bélgica,found,File:Augustijn.jpg,175.0,https://upload.wikimedia.org/wikipedia/commons/4/4b/Augustijn.jpg
Augustijn Grand Cru,Bélgica,fallback,,,
Augustinerbräu,Alemania,found,File:Munchen Augustinerbrau.jpg,175.0,https://upload.wikimedia.org/wikipedia/commons/thumb/8/89/Munchen_Augustinerbrau.jpg/500px-Munchen_Augustinerbrau.jpg
Aventinus Weizen Eisbock,Alemania,found,File:Aventinus Weizen-Eisbock.jpg,175.0,https://upload.wikimedia.org/wikipedia/commons/thumb/e/e7/Aventinus_Weizen-Eisbock.jpg/500px-Aventinus_Weizen-Eisbock.jpg
Barbár,Bélgica,found,File:Bière Barbar.JPG,224.0,https://upload.wikimedia.org/wikipedia/commons/thumb/d/d1/Bi%C3%A8re_Barbar.JPG/500px-Bi%C3%A8re_Barbar.JPG
Barbár Winter Bock,Bélgica,fallback,,,
Batemans Triple XB,Reino Unido,fallback,,,
Bavaria Weissbier,Alemania,fallback,,,
Bavik,Bélgica,found,File:Bavik Pils logo.svg,184.0,https://upload.wikimedia.org/wikipedia/commons/thumb/c/ca/Bavik_Pils_logo.svg/500px-Bavik_Pils_logo.svg.png
Beck's,Alemania,found,File:Cap of Anheuser-Busch InBv Deutschland - Beck's Red Ale.jpg,184.0,https://upload.wikimedia.org/wikipedia/commons/thumb/5/52/Cap_of_Anheuser-Busch_InBv_Deutschland_-_Beck%27s_Red_Ale.jpg/330px-Cap_of_Anheuser-Busch_InBv_Deutschland_-_Beck%27s_Red_Ale.jpg
Belhaven St. Andrews,Reino Unido,fallback,,,
Belhaven We Heavy,Reino Unido,fallback,,,
Belle Vue Framboise  (Frambuesa),Bélgica,fallback,File:Verre à bière Belle-vue Gueuse.jpg,93.0,
Belle Vue Kriek (Cereza),Bélgica,found,File:Belle-Vue Kriekbier (375ml).JPG,131.0,https://upload.wikimedia.org/wikipedia/commons/c/c3/Belle-Vue_Kriekbier_%28375ml%29.JPG
Belli Bock,Alemania,fallback,,,
Belzebuth,Francia,fallback,,,
Bernard Special Dark,República Checa,fallback,File:Bernard jantarový ležák (Beer- czech republic).jpg,129.0,
Biere du Desert,Francia,fallback,File:Into the (Food) Desert- Day 6 - beer bread made from convenience store purchases.jpg,129.0,
Bishops Finger,Reino Unido,found,File:Bishops Finger.JPG,175.0,https://upload.wikimedia.org/wikipedia/commons/thumb/e/e5/Bishops_Finger.JPG/500px-Bishops_Finger.JPG
Bitter XX,Bélgica,fallback,File:Ale Bitter.jpg,129.0,
Blanche de Bruges,Bélgica,fallback,,,
Blanche de Namur,Bélgica,found,existing,,https://commons.wikimedia.org/wiki/Special:FilePath/Blanche%20de%20Namur.JPG
Blanche du Hainaut (Biologique),Bélgica,fallback,,,
Bocq (Christmas),Bélgica,found,File:Bocq Christmas.jpg,175.0,https://upload.wikimedia.org/wikipedia/commons/thumb/6/65/Bocq_Christmas.jpg/500px-Bocq_Christmas.jpg
Bohemia,México,found,File:Leghorn enjoys a beer (Bohemia Obscura) after the museum.jpg,184.0,https://upload.wikimedia.org/wikipedia/commons/thumb/c/c8/Leghorn_enjoys_a_beer_%28Bohemia_Obscura%29_after_the_museum.jpg/500px-Leghorn_enjoys_a_beer_%28Bohemia_Obscura%29_after_the_museum.jpg
Bombardier,Reino Unido,found,File:Bombardier Eagle Brewery (Carlsberg Marston's Brewing Co.).jpg,184.0,https://upload.wikimedia.org/wikipedia/commons/thumb/3/33/Bombardier_Eagle_Brewery_%28Carlsberg_Marston%27s_Brewing_Co.%29.jpg/500px-Bombardier_Eagle_Brewery_%28Carlsberg_Marston%27s_Brewing_Co.%29.jpg
Bourgonne des Flandres,Bélgica,fallback,,,
Brahma,Brasil,found,existing,,https://commons.wikimedia.org/wiki/Special:FilePath/Logotipo%20da%20Brahma%20%282025%29.svg
Brewdog Alice Porter,Reino Unido,fallback,,,
Brewdog Hardcore India Pale Ale,Reino Unido,fallback,,,
Brewdog Punk India Pale Ale,Reino Unido,fallback,,,
Brewdog Tokyo Stout,Reino Unido,fallback,,,
Brigand,Bélgica,found,File:Brigand Bier 1.JPG,184.0,https://upload.wikimedia.org/wikipedia/commons/thumb/f/f2/Brigand_Bier_1.JPG/500px-Brigand_Bier_1.JPG
Brinkhoff's,Alemania,found,File:Brauerei Brinkhoff GmbH - Brinkhoff's No1.jpg,175.0,https://upload.wikimedia.org/wikipedia/commons/thumb/6/60/Brauerei_Brinkhoff_GmbH_-_Brinkhoff%27s_No1.jpg/500px-Brauerei_Brinkhoff_GmbH_-_Brinkhoff%27s_No1.jpg
Brooklyn Brown Ale,Estados Unidos,found,existing,,https://upload.wikimedia.org/wikipedia/commons/thumb/4/44/Brooklyn_Penant_Ale_55_%286307519558%29.jpg/500px-Brooklyn_Penant_Ale_55_%286307519558%29.jpg
Brooklyn East India Pale Ale,Estados Unidos,found,File:Brooklyn East India Pale Ale.jpg,184.0,https://upload.wikimedia.org/wikipedia/commons/thumb/2/24/Brooklyn_East_India_Pale_Ale.jpg/500px-Brooklyn_East_India_Pale_Ale.jpg
Brooklyn lager,Estados Unidos,found,File:Man drinking Brooklyn Lager.jpg,184.0,https://upload.wikimedia.org/wikipedia/commons/thumb/7/78/Man_drinking_Brooklyn_Lager.jpg/500px-Man_drinking_Brooklyn_Lager.jpg
Bruegel,Bélgica,found,File:Verre à bière Caves Bruegel Gueuze.jpg,184.0,https://upload.wikimedia.org/wikipedia/commons/thumb/e/e4/Verre_%C3%A0_bi%C3%A8re_Caves_Bruegel_Gueuze.jpg/500px-Verre_%C3%A0_bi%C3%A8re_Caves_Bruegel_Gueuze.jpg
Brugge Blanche,Bélgica,fallback,,,
Brugse Triple,Bélgica,fallback,File:Brugse zot bier.jpg,129.0,
Brugse Zot Blonde,Bélgica,fallback,File:Brugse zot bier.jpg,129.0,
Brugse Zot Dubble,Bélgica,fallback,File:Brugse zot bier.jpg,129.0,
Bucanero,Bélgica,found,File:Bucanero lata y copa.jpg,167.0,https://upload.wikimedia.org/wikipedia/commons/thumb/b/b4/Bucanero_lata_y_copa.jpg/500px-Bucanero_lata_y_copa.jpg
Budejovicky,República Checa,found,"File:Budějovický Buvar, n. p. - Pardal - Czech Imported Lager.jpg",184.0,https://upload.wikimedia.org/wikipedia/commons/thumb/1/1c/Bud%C4%9Bjovick%C3%BD_Buvar%2C_n._p._-_Pardal_-_Czech_Imported_Lager.jpg/500px-Bud%C4%9Bjovick%C3%BD_Buvar%2C_n._p._-_Pardal_-_Czech_Imported_Lager.jpg
Budweiser,Estados Unidos,found,existing,,https://commons.wikimedia.org/wiki/Special:FilePath/StLouisABPackaging%20Plant.JPG
Búfalo,Bélgica,fallback,,,
Bush Beer (Scaldis),Bélgica,found,File:Bush beer.jpg,148.0,https://upload.wikimedia.org/wikipedia/commons/thumb/0/01/Bush_beer.jpg/500px-Bush_beer.jpg
Bush Beer Noël,Bélgica,fallback,File:Bush beer.jpg,93.0,
Cannabia,Alemania,found,"File:Cannabia Bier Flasche 0,33 L.gif",184.0,https://upload.wikimedia.org/wikipedia/commons/thumb/1/11/Cannabia_Bier_Flasche_0%2C33_L.gif/500px-Cannabia_Bier_Flasche_0%2C33_L.gif
Cannabis Club,Alemania,fallback,,,
Cannabis Power,Alemania,fallback,,,
Cantillon Grand Cru,Bélgica,found,File:Cantillon Grand Cru Bruocsella 2007 (5738978027).jpg,175.0,https://upload.wikimedia.org/wikipedia/commons/thumb/b/b3/Cantillon_Grand_Cru_Bruocsella_2007_%285738978027%29.jpg/500px-Cantillon_Grand_Cru_Bruocsella_2007_%285738978027%29.jpg
Carling,Reino Unido,found,"File:Pair of Vintage Carling Black Label Miniature Beer Can Cigarette Lighters, Made in Japan, ""The Best Beers in the World are from Carling"" (-88 & -89) (9276801779).jpg",184.0,https://upload.wikimedia.org/wikipedia/commons/thumb/e/eb/Pair_of_Vintage_Carling_Black_Label_Miniature_Beer_Can_Cigarette_Lighters%2C_Made_in_Japan%2C_%22The_Best_Beers_in_the_World_are_from_Carling%22_%28-88_%26_-89%29_%289276801779%29.jpg/500px-thumbnail.jpg
Carlos V  (Blonde),Bélgica,fallback,,,
Carlos V  (Brune),Bélgica,fallback,,,
Carlsberg,Dinamarca,found,File:Carlsberg Deutschland GmbH - Carlsberg Premium Lager Beer.jpg,184.0,https://upload.wikimedia.org/wikipedia/commons/thumb/9/93/Carlsberg_Deutschland_GmbH_-_Carlsberg_Premium_Lager_Beer.jpg/500px-Carlsberg_Deutschland_GmbH_-_Carlsberg_Premium_Lager_Beer.jpg
Carolus Ambrio,Bélgica,found,File:Gouden Carolus Ambrio 33cl bottle glass.jpg,184.0,https://upload.wikimedia.org/wikipedia/commons/thumb/2/2e/Gouden_Carolus_Ambrio_33cl_bottle_glass.jpg/500px-Gouden_Carolus_Ambrio_33cl_bottle_glass.jpg
Carolus Clasic,Bélgica,fallback,,,
Carolus Noël,Bélgica,fallback,,,
Carolus Triple,Bélgica,found,File:Gouden Carolus Tripel.JPG,129.0,https://upload.wikimedia.org/wikipedia/commons/thumb/8/8e/Gouden_Carolus_Tripel.JPG/500px-Gouden_Carolus_Tripel.JPG
Carta Blanca,México,found,File:Cartel publicitario de la cerveza Carta Blanca.jpg,184.0,https://upload.wikimedia.org/wikipedia/commons/thumb/5/56/Cartel_publicitario_de_la_cerveza_Carta_Blanca.jpg/500px-Cartel_publicitario_de_la_cerveza_Carta_Blanca.jpg
Casablanca,Marruecos,found,File:2013.Casablanca.beer.jpg,184.0,https://upload.wikimedia.org/wikipedia/commons/thumb/e/ef/2013.Casablanca.beer.jpg/500px-2013.Casablanca.beer.jpg
Ch´ti Blonde,Francia,fallback,,,
Champion Ale 1849,Reino Unido,fallback,,,
Chapeau Exotic (Piña),Bélgica,fallback,,,
Chapeau Faro,Bélgica,fallback,,,
Chapeau Frambuesa,Bélgica,fallback,,,
Chapeau Fresa,Bélgica,fallback,,,
Chapeau Gueuze,Bélgica,found,File:Chapeau Gueuze 01.JPG,175.0,https://upload.wikimedia.org/wikipedia/commons/thumb/2/28/Chapeau_Gueuze_01.JPG/500px-Chapeau_Gueuze_01.JPG
Chapeau Kriek (cereza),Bélgica,found,File:Chapeau Kriek.JPG,151.0,https://upload.wikimedia.org/wikipedia/commons/thumb/8/80/Chapeau_Kriek.JPG/500px-Chapeau_Kriek.JPG
Chapeau Limón,Bélgica,fallback,,,
Chapeau Melocotón,Bélgica,fallback,,,
Chapeau Mirabelle (ciruela),Bélgica,fallback,,,
Chapeau Plátano,Bélgica,fallback,,,
"Chimay ""Grand Réserve"" Magnum",Bélgica,fallback,,,
Chimay Blond,Bélgica,fallback,File:Chimay glass.jpg,129.0,
Chimay Blue,Bélgica,fallback,,,
Chimay Cinq Cents,Bélgica,fallback,,,
Chimay Première,Bélgica,fallback,,,
Chimay Red,Bélgica,fallback,File:Chimay glass.jpg,129.0,
Chimay Réserve,Bélgica,fallback,,,
Christoffel Blond,Bélgica,fallback,,,
Cobra,India,found,File:Cobra (beer).jpg,184.0,https://upload.wikimedia.org/wikipedia/commons/thumb/a/af/Cobra_%28beer%29.jpg/500px-Cobra_%28beer%29.jpg
Coopers Extra Stout,Australia,found,File:Coopers ExtraStout.jpg,131.0,https://upload.wikimedia.org/wikipedia/commons/thumb/9/9f/Coopers_ExtraStout.jpg/500px-Coopers_ExtraStout.jpg
Coopers Pale Ale,Australia,found,File:COOPERS PALE ALE FROM ADELAIDE AUSTRALIA IN THE BIER GARDEN SAIGON VIETNAM JAN 2012 (6964050205).jpg,184.0,https://upload.wikimedia.org/wikipedia/commons/thumb/c/c6/COOPERS_PALE_ALE_FROM_ADELAIDE_AUSTRALIA_IN_THE_BIER_GARDEN_SAIGON_VIETNAM_JAN_2012_%286964050205%29.jpg/500px-COOPERS_PALE_ALE_FROM_ADELAIDE_AUSTRALIA_IN_THE_BIER_GARDEN_SAIGON_VIETNAM_JAN_2012_%286964050205%29.jpg
Coors,Estados Unidos,found,File:Coors Brew Kettles.jpg,184.0,https://upload.wikimedia.org/wikipedia/commons/thumb/8/8e/Coors_Brew_Kettles.jpg/500px-Coors_Brew_Kettles.jpg
Coronita,México,found,File:Coronita (7655756086).jpg,175.0,https://upload.wikimedia.org/wikipedia/commons/thumb/6/65/Coronita_%287655756086%29.jpg/500px-Coronita_%287655756086%29.jpg
Corsario,Bélgica,fallback,,,
Corsendonk (Agnus Dei),Bélgica,found,existing,,https://upload.wikimedia.org/wikipedia/commons/thumb/9/99/Corsendonk_013.jpg/500px-Corsendonk_013.jpg
Corsendonk (Pater Noster),Bélgica,fallback,,,
Cristal,Perú,found,"File:Cristal Boheme, Bière de Luxe.JPG",184.0,https://upload.wikimedia.org/wikipedia/commons/thumb/0/05/Cristal_Boheme%2C_Bi%C3%A8re_de_Luxe.JPG/500px-Cristal_Boheme%2C_Bi%C3%A8re_de_Luxe.JPG
Cuatro Elementos (Biologique),Alemania,fallback,,,
Cubana´59,Bélgica,fallback,,,
Cubanero,Cuba,found,File:CubaneroFuerte.jpg,95.0,https://upload.wikimedia.org/wikipedia/commons/thumb/d/d0/CubaneroFuerte.jpg/500px-CubaneroFuerte.jpg
Cusqueña,Perú,found,File:Cusqueña Cusco Beer - flickr 3500914986 8641c2cf5c o.jpg,224.0,https://upload.wikimedia.org/wikipedia/commons/thumb/8/82/Cusque%C3%B1a_Cusco_Beer_-_flickr_3500914986_8641c2cf5c_o.jpg/500px-Cusque%C3%B1a_Cusco_Beer_-_flickr_3500914986_8641c2cf5c_o.jpg
Cuvée de Ciney,Bélgica,fallback,,,
Cuvée de l'Ermitage,Bélgica,fallback,,,
Cuvée des Trolls,Bélgica,fallback,,,
Dab,Alemania,fallback,,,
Dab Pils (dietética),Alemania,fallback,,,
Damm Lemon,España,fallback,,,
Daura  (celíacos),España,fallback,,,
De Gral Triple,Bélgica,fallback,,,
De Koninck Blonde,Bélgica,fallback,,,
De Koninck Triple,Bélgica,fallback,,,
Debla Blond Ale,España,fallback,,,
Debla Negra Brown Ale,España,fallback,,,
Debla Roja Pale Ale,España,fallback,,,
Delirium Millenium,Bélgica,fallback,,,
Delirium Nocturnum,Bélgica,found,File:Delirium nocturnum.jpg,167.0,https://upload.wikimedia.org/wikipedia/commons/thumb/4/40/Delirium_nocturnum.jpg/500px-Delirium_nocturnum.jpg
Delirium Tremens,Bélgica,found,existing,,https://commons.wikimedia.org/wiki/Special:FilePath/Bi%C3%A8re%20D%C3%A9lirium%20tremens.JPG
Demonio (Bière du Démon),Francia,fallback,,,
Dendermonde,Bélgica,found,File:Dendermonde tripel.JPG,224.0,https://upload.wikimedia.org/wikipedia/commons/thumb/f/fb/Dendermonde_tripel.JPG/500px-Dendermonde_tripel.JPG
Desperados (Aromat.Tequila),Francia,fallback,File:Kinds of Desperados beer.jpg,176.0,
Deugniet Triple,Bélgica,fallback,,,
Diablesa (666) Blonde,Bélgica,fallback,,,
Diablesa (666) Brune,Bélgica,fallback,,,
Dominus Dubbel,Bélgica,fallback,File:Dominus tripel.JPG,129.0,
Dominus Triple,Bélgica,found,File:Dominus tripel.JPG,129.0,https://upload.wikimedia.org/wikipedia/commons/thumb/1/12/Dominus_tripel.JPG/500px-Dominus_tripel.JPG
Domus Aurea,España,fallback,,,
Domus Europa,España,fallback,,,
Domus Regia,España,fallback,,,
Domus Summa,España,fallback,,,
Dos XX,México,found,File:Cerveza Xx Dos Equis Beer Garden - Talking Stick Resort Arena (49441801341).jpg,129.0,https://upload.wikimedia.org/wikipedia/commons/thumb/5/5a/Cerveza_Xx_Dos_Equis_Beer_Garden_-_Talking_Stick_Resort_Arena_%2849441801341%29.jpg/500px-Cerveza_Xx_Dos_Equis_Beer_Garden_-_Talking_Stick_Resort_Arena_%2849441801341%29.jpg
Double Enghien,Bélgica,found,File:Double Enghien blonde.JPG,167.0,https://upload.wikimedia.org/wikipedia/commons/thumb/0/07/Double_Enghien_blonde.JPG/500px-Double_Enghien_blonde.JPG
Douglas Celtic Brown,Bélgica,fallback,,,
Douglas Celtic Lager,Bélgica,fallback,,,
Douglas Celtic Red,Bélgica,fallback,,,
Douglas Celtic Super,Bélgica,fallback,,,
Douglas Celtic XXX Strong Lager,Bélgica,fallback,,,
Drossard,Bélgica,fallback,,,
Duchesse de Bourgogne,Bélgica,found,existing,,https://commons.wikimedia.org/wiki/Special:FilePath/Bier%20duchessedebourgogne.jpg
Duff,Alemania,found,File:Duff BEER in Madrid.jpg,224.0,https://upload.wikimedia.org/wikipedia/commons/thumb/6/64/Duff_BEER_in_Madrid.jpg/500px-Duff_BEER_in_Madrid.jpg
Dulle Teve Triple,Bélgica,fallback,,,
Duvel,Bélgica,found,existing,,https://commons.wikimedia.org/wiki/Special:FilePath/Duvel%20Logo.png
Eku 28,Alemania,found,File:EKU 28.jpg,167.0,https://upload.wikimedia.org/wikipedia/commons/thumb/9/9d/EKU_28.jpg/500px-EKU_28.jpg
Elephant,Dinamarca,found,File:Carlsberg Elephant Beer.jpg,224.0,https://upload.wikimedia.org/wikipedia/commons/4/40/Carlsberg_Elephant_Beer.jpg
Ename Blond,Bélgica,found,File:Ename Blond.JPG,167.0,https://upload.wikimedia.org/wikipedia/commons/thumb/b/b7/Ename_Blond.JPG/500px-Ename_Blond.JPG
Ename Cuvee,Bélgica,found,File:Ename cuvée rouge.JPG,167.0,https://upload.wikimedia.org/wikipedia/commons/thumb/9/98/Ename_cuv%C3%A9e_rouge.JPG/500px-Ename_cuv%C3%A9e_rouge.JPG
Ename Dubbel,Bélgica,found,File:Ename Dubbel.JPG,167.0,https://upload.wikimedia.org/wikipedia/commons/thumb/e/e4/Ename_Dubbel.JPG/500px-Ename_Dubbel.JPG
Ename Triple,Bélgica,found,File:Ename tripel.jpg,129.0,https://upload.wikimedia.org/wikipedia/commons/thumb/c/cd/Ename_tripel.jpg/500px-Ename_tripel.jpg
Erdinger Champ,Alemania,fallback,,,
Erdinger Dunkel,Alemania,found,existing,,https://upload.wikimedia.org/wikipedia/commons/5/5d/Erdinger.3.beers.JPG
Erdinger Kristal,Alemania,fallback,,,
Erdinger Pikantus,Alemania,found,existing,,https://upload.wikimedia.org/wikipedia/commons/5/5d/Erdinger.3.beers.JPG
Erdinger Weissbier,Alemania,found,existing,,https://upload.wikimedia.org/wikipedia/commons/5/5d/Erdinger.3.beers.JPG
Estrella Galicia 1906,España,fallback,,,
Fin del Mundo,Canadá,fallback,,,
Fischer,Francia,fallback,,,
Flensburger (Biologique),Alemania,fallback,,,
Flensburger Winter Bock,Alemania,fallback,,,
Floreffe Dubbel,Bélgica,fallback,,,
Floreffe Tripel,Bélgica,fallback,,,
Floris Apple,Bélgica,fallback,,,
Floris Cactus,Bélgica,fallback,,,
Floris Chocolat,Bélgica,fallback,,,
Floris Fraise,Bélgica,fallback,,,
Floris Framboise,Bélgica,fallback,,,
Floris Honey,Bélgica,fallback,,,
Floris Kriek,Bélgica,fallback,,,
Floris Mango,Bélgica,fallback,,,
Floris Ninkeberry,Bélgica,fallback,,,
Floris Passion,Bélgica,fallback,,,
Floris Wit Blanche,Bélgica,fallback,,,
Flying Dog Doggie Style Classic Pale Ale,Estados Unidos,fallback,,,
Flying Dog Double Dog Double Pale Ale,Estados Unidos,fallback,,,
Flying Dog Gonzo Imperial Porter,Estados Unidos,fallback,,,
Flying Dog Old Scratch Amber Lager,Estados Unidos,fallback,,,
Flying Dog Racing Bitch India Pale Ale,Estados Unidos,fallback,,,
Flying Dog Snake Dog India Pale Ale,Estados Unidos,fallback,,,
Flying Dog Wildemans Framhouse India Pale Ale,Estados Unidos,fallback,,,
Foster's,Australia,found,File:Kotipizza Mexicana and Foster's Lager.jpg,184.0,https://upload.wikimedia.org/wikipedia/commons/thumb/4/4f/Kotipizza_Mexicana_and_Foster%27s_Lager.jpg/500px-Kotipizza_Mexicana_and_Foster%27s_Lager.jpg
Franciskaner Hefe Weissbier,Alemania,fallback,,,
Franciskaner Hefe Weissbier Dunkel,Alemania,fallback,,,
Franciskaner Hefe Weissbier Kristallklar,Alemania,fallback,,,
Fraoch Heather Ale,Reino Unido,fallback,,,
Fürst Carl Gol (Principe Carlos),Alemania,fallback,,,
Fürst Carl Urhell (Principe Carlos),Alemania,fallback,,,
Fürstenberg,Alemania,found,File:Donaueschingen Fürstenberg und Riegeler Kästen.jpg,175.0,https://upload.wikimedia.org/wikipedia/commons/thumb/1/1a/Donaueschingen_F%C3%BCrstenberg_und_Riegeler_K%C3%A4sten.jpg/500px-Donaueschingen_F%C3%BCrstenberg_und_Riegeler_K%C3%A4sten.jpg
Fürstenberg Weizen,Alemania,fallback,,,
Gordon Finest Gold,Bélgica,found,File:Gordon Finest Gold.JPG,175.0,https://upload.wikimedia.org/wikipedia/commons/thumb/5/55/Gordon_Finest_Gold.JPG/500px-Gordon_Finest_Gold.JPG
Gordon Finest Platinum,Bélgica,fallback,,,
Gordon Finest Red,Bélgica,fallback,,,
Gordon Finest Silver,Bélgica,fallback,,,
Gordon Five,Bélgica,fallback,,,
Gordon Halloween,Bélgica,fallback,,,
Gordon Highland Scotch Ale,Bélgica,fallback,,,
Gordon Xmas,Bélgica,fallback,,,
Goudenband,Bélgica,found,File:LiefmansGoudenband.jpg,95.0,https://upload.wikimedia.org/wikipedia/commons/thumb/0/0e/LiefmansGoudenband.jpg/500px-LiefmansGoudenband.jpg
Gouyasse Blonde,Bélgica,fallback,,,
Gouyasse Triple,Bélgica,fallback,,,
Gran Resrva (Cruzcampo),España,fallback,,,
Green Flash Barley Wine,Estados Unidos,fallback,,,
Green Flash Double Stout,Estados Unidos,fallback,,,
Green Flash West Coast IPA,Estados Unidos,fallback,,,
Gregorius,Austria,found,File:Trappist Gregorius.jpg,184.0,https://upload.wikimedia.org/wikipedia/commons/thumb/4/46/Trappist_Gregorius.jpg/500px-Trappist_Gregorius.jpg
Grimbergen Blond,Bélgica,found,File:Grimbergen blond.1.JPG,175.0,https://upload.wikimedia.org/wikipedia/commons/thumb/8/82/Grimbergen_blond.1.JPG/500px-Grimbergen_blond.1.JPG
Grimbergen Duble,Bélgica,fallback,,,
Grimbergen Optimo Bruno,Bélgica,found,File:Grimbergen Optimo Bruno.1.JPG,175.0,https://upload.wikimedia.org/wikipedia/commons/thumb/e/e2/Grimbergen_Optimo_Bruno.1.JPG/500px-Grimbergen_Optimo_Bruno.1.JPG
Grimbergen Triple,Bélgica,found,File:Grimbergen tripel.1.JPG,129.0,https://upload.wikimedia.org/wikipedia/commons/thumb/b/b5/Grimbergen_tripel.1.JPG/500px-Grimbergen_tripel.1.JPG
Grolsch,Países Bajos,found,existing,,https://commons.wikimedia.org/wiki/Special:FilePath/Grolsch%20Logo.png
Grutt Amber,Bélgica,fallback,,,
Grutt Blond,Bélgica,fallback,,,
Grutt Witbeer,Bélgica,fallback,,,
Guinness Special Export,Irlanda,fallback,,,
Gulden Draak,Bélgica,found,existing,,https://commons.wikimedia.org/wiki/Special:FilePath/Guldendraak.jpg
Guldenberg,Bélgica,found,File:Guldenberg beer.JPG,184.0,https://upload.wikimedia.org/wikipedia/commons/thumb/1/18/Guldenberg_beer.JPG/500px-Guldenberg_beer.JPG
Hannen Alt,Alemania,found,"File:Hannen - Alt, 2019.jpg",175.0,https://upload.wikimedia.org/wikipedia/commons/thumb/8/80/Hannen_-_Alt%2C_2019.jpg/500px-Hannen_-_Alt%2C_2019.jpg
Hapkin,Bélgica,found,File:Hapkin bottle front NL- Background.png,184.0,https://upload.wikimedia.org/wikipedia/commons/thumb/d/d3/Hapkin_bottle_front_NL-_Background.png/500px-Hapkin_bottle_front_NL-_Background.png
Heineken,Países Bajos,found,existing,,https://commons.wikimedia.org/wiki/Special:FilePath/Heineken%20logo.svg
Hen´s Tooth Ale,Reino Unido,fallback,,,
Hercule,Bélgica,found,File:Hercule Stout.jpg,184.0,https://upload.wikimedia.org/wikipedia/commons/thumb/d/d2/Hercule_Stout.jpg/500px-Hercule_Stout.jpg
Herold Bohemian Blonde Lager,República Checa,fallback,,,
Herold Bohemian Granát Lager,República Checa,fallback,,,
Het Kapittel ABT,Bélgica,fallback,,,
Het Kapittel Pater,Bélgica,fallback,,,
Hoegaarden,Bélgica,found,File:Hoegaarden wheat beer.jpg,184.0,https://upload.wikimedia.org/wikipedia/commons/thumb/6/69/Hoegaarden_wheat_beer.jpg/500px-Hoegaarden_wheat_beer.jpg
Hoegaarden Grand Cru,Bélgica,found,File:Hoegaarden Grand Cru bottle.jpg,184.0,https://upload.wikimedia.org/wikipedia/commons/thumb/2/2b/Hoegaarden_Grand_Cru_bottle.jpg/500px-Hoegaarden_Grand_Cru_bottle.jpg
Hoepfner,Alemania,found,File:Brewery Hoepfner.-.Brew kettle.jpg,184.0,https://upload.wikimedia.org/wikipedia/commons/thumb/d/d8/Brewery_Hoepfner.-.Brew_kettle.jpg/500px-Brewery_Hoepfner.-.Brew_kettle.jpg
Hofmark Weisse Dunkel,Alemania,fallback,,,
Hofmark Weisse Hell,Alemania,fallback,,,
Hofmark Weisse Lager,Alemania,fallback,,,
Hommelbier,Bélgica,found,File:Hommelbier.JPG,175.0,https://upload.wikimedia.org/wikipedia/commons/thumb/8/8d/Hommelbier.JPG/500px-Hommelbier.JPG
Hop Back Entire Stout,Reino Unido,fallback,,,
Hop Back Summer Lightning,Reino Unido,fallback,,,
Hop Back Taiphoon,Reino Unido,fallback,,,
Inedit,España,found,File:Estrella Damm Inedit.jpg,175.0,https://upload.wikimedia.org/wikipedia/commons/thumb/6/6b/Estrella_Damm_Inedit.jpg/500px-Estrella_Damm_Inedit.jpg
Innis & Guun Blonde,Reino Unido,fallback,,,
Innis & Guun Original,Reino Unido,fallback,,,
Innis & Guun Rum Finish,Reino Unido,fallback,,,
Jever,Alemania,found,File:Jever Bottle.jpg,184.0,https://upload.wikimedia.org/wikipedia/commons/thumb/b/bd/Jever_Bottle.jpg/500px-Jever_Bottle.jpg
Jhon Bull,Reino Unido,fallback,,,
John Martin's,Bélgica,fallback,,,
Judas,Bélgica,found,File:Judas glass.jpg,184.0,https://upload.wikimedia.org/wikipedia/commons/thumb/1/1a/Judas_glass.jpg/500px-Judas_glass.jpg
Kapitel ABT,Bélgica,fallback,,,
Karmeliet Triple,Bélgica,found,File:Tripel Karmeliet glas.jpg,129.0,https://upload.wikimedia.org/wikipedia/commons/thumb/8/83/Tripel_Karmeliet_glas.jpg/500px-Tripel_Karmeliet_glas.jpg
Kasteelbier Bruin/Brune,Bélgica,fallback,,,
Kasteelbier Rouge,Bélgica,fallback,,,
Kasteelbier Triple,Bélgica,fallback,,,
Kelpie Seaweed Ale,Reino Unido,fallback,,,
Kilkenny,Irlanda,found,existing,,https://commons.wikimedia.org/wiki/Special:FilePath/Kilkenny%20Irish%20beer.JPG
Kingfisher,India,found,existing,,https://commons.wikimedia.org/wiki/Special:FilePath/Kingfisher%20beer%20bottle.jpg
Kingston,Francia,found,File:Sean Kingston written on beer bottles.jpg,184.0,https://upload.wikimedia.org/wikipedia/commons/thumb/e/e5/Sean_Kingston_written_on_beer_bottles.jpg/500px-Sean_Kingston_written_on_beer_bottles.jpg
Kirin,Japón,found,File:Shirokiya's Kirin Ichiban-Shibori Beer mug in Japan 2011.jpg,184.0,https://upload.wikimedia.org/wikipedia/commons/thumb/d/d0/Shirokiya%27s_Kirin_Ichiban-Shibori_Beer_mug_in_Japan_2011.jpg/500px-Shirokiya%27s_Kirin_Ichiban-Shibori_Beer_mug_in_Japan_2011.jpg
König Ludwig Weissbier Hell,Alemania,fallback,,,
Köstritzer,Alemania,found,File:Glass of Köstritzer Schwarzbier.jpg,184.0,https://upload.wikimedia.org/wikipedia/commons/9/99/Glass_of_K%C3%B6stritzer_Schwarzbier.jpg
Krombacher Weizen,Alemania,found,File:Bottle cap - Krombacher (Weizen).jpg,184.0,https://upload.wikimedia.org/wikipedia/commons/thumb/e/e7/Bottle_cap_-_Krombacher_%28Weizen%29.jpg/500px-Bottle_cap_-_Krombacher_%28Weizen%29.jpg
Krombacher Weizen Alkoholfrei,Alemania,fallback,,,
Kwak,Bélgica,found,existing,,https://commons.wikimedia.org/wiki/Special:FilePath/Kwak.jpg
L' Exploité Stout,Canadá,fallback,,,
L' Interdite,Canadá,fallback,,,
La Binchoise Blonde,Bélgica,fallback,,,
La Binchoise Brune,Bélgica,fallback,,,
La Binchoise des Ours,Bélgica,fallback,,,
La Binchoise Speciale Noel,Bélgica,fallback,,,
La Chouffe (Blond),Bélgica,found,File:La Chouffe bottle.jpg,140.0,https://upload.wikimedia.org/wikipedia/commons/thumb/c/cb/La_Chouffe_bottle.jpg/500px-La_Chouffe_bottle.jpg
La Chouffe (Mc Chouffe),Bélgica,found,File:La Chouffe bottle.jpg,184.0,https://upload.wikimedia.org/wikipedia/commons/thumb/c/cb/La_Chouffe_bottle.jpg/500px-La_Chouffe_bottle.jpg
La Chouffe Houblon,Bélgica,fallback,,,
La Chouffe N'ice,Bélgica,fallback,,,
La Divine,Bélgica,fallback,File:Dante - La Divine Comédie (trad. Artaud de Montor).djvu,175.0,
La Divine de Saint Landelin,Francia,fallback,,,
La Dragonne,Bélgica,fallback,,,
La Fruta Prohibida,Bélgica,fallback,,,
La Gauloise Blonde,Bélgica,found,File:La Gauloise Blonde.JPG,175.0,https://upload.wikimedia.org/wikipedia/commons/thumb/b/b6/La_Gauloise_Blonde.JPG/500px-La_Gauloise_Blonde.JPG
La Gauloise Brune,Bélgica,fallback,,,
La Goudale,Francia,found,File:La goudale.jpg,175.0,https://upload.wikimedia.org/wikipedia/commons/b/b5/La_goudale.jpg
La Guillotine,Bélgica,found,File:La Guillotine Bier 3.JPG,184.0,https://upload.wikimedia.org/wikipedia/commons/thumb/b/b0/La_Guillotine_Bier_3.JPG/500px-La_Guillotine_Bier_3.JPG
La Maison Belge,Bélgica,fallback,,,
La Trappe Blonde,Países Bajos,fallback,,,
La Trappe Dubbel,Países Bajos,found,File:La Trappe Dubbel in a Glass.jpg,184.0,https://upload.wikimedia.org/wikipedia/commons/thumb/a/ae/La_Trappe_Dubbel_in_a_Glass.jpg/500px-La_Trappe_Dubbel_in_a_Glass.jpg
La Trappe Isid'or,Países Bajos,found,File:La Trappe Isid’or.JPG,175.0,https://upload.wikimedia.org/wikipedia/commons/thumb/a/a0/La_Trappe_Isid%E2%80%99or.JPG/500px-La_Trappe_Isid%E2%80%99or.JPG
La Trappe Quadruple,Países Bajos,fallback,,,
La Trappe Triple,Países Bajos,fallback,,,
La Trappe Witte,Países Bajos,found,File:La Trappe Witte Trappist.JPG,184.0,https://upload.wikimedia.org/wikipedia/commons/thumb/d/df/La_Trappe_Witte_Trappist.JPG/500px-La_Trappe_Witte_Trappist.JPG
Lambicus Blanche (Timmermans),Bélgica,fallback,,,
Lambicus Gueuse (Timmermans),Bélgica,fallback,,,
Lambicus Kriek (Timmermans),Bélgica,fallback,,,
Lamme Goedzak,Países Bajos,found,File:Lamme goedzak.jpg,167.0,https://upload.wikimedia.org/wikipedia/commons/thumb/4/46/Lamme_goedzak.jpg/500px-Lamme_goedzak.jpg
Lapin Kulta,Finlandia,found,File:Cap of Hartwall LTD - Lapin Kulta Premium Lager Beer.jpg,224.0,https://upload.wikimedia.org/wikipedia/commons/thumb/5/52/Cap_of_Hartwall_LTD_-_Lapin_Kulta_Premium_Lager_Beer.jpg/330px-Cap_of_Hartwall_LTD_-_Lapin_Kulta_Premium_Lager_Beer.jpg
Le Trinqueur,Canadá,fallback,,,
Leffe 9,Bélgica,found,File:Leffe.9%.JPG,167.0,https://upload.wikimedia.org/wikipedia/commons/thumb/6/69/Leffe.9%25.JPG/500px-Leffe.9%25.JPG
Leffe Blonde / Blond,Bélgica,fallback,File:Leffe-beer.jpg,129.0,
Leffe Brune / Bruin,Bélgica,found,File:Br. Abbaye de Leffe s.a.n.v. - Leffe Brune . Bruin.jpg,167.0,https://upload.wikimedia.org/wikipedia/commons/thumb/8/8b/Br._Abbaye_de_Leffe_s.a.n.v._-_Leffe_Brune_._Bruin.jpg/500px-Br._Abbaye_de_Leffe_s.a.n.v._-_Leffe_Brune_._Bruin.jpg
Leffe Radieuse,Bélgica,fallback,,,
Leffe Triple / Tripel,Bélgica,fallback,,,
Leffe Vieille Cuvèe,Bélgica,fallback,,,
"Left Hand ""Black Jack"" Porter",Estados Unidos,fallback,,,
"Left Hand ""Milk Stout""",Estados Unidos,fallback,,,
Legado de Yuste,España,fallback,,,
Leutebock,Bélgica,fallback,,,
Liefmans Framboise (Frambuesa),Bélgica,fallback,,,
Liefmans Kriek (Cereza),Bélgica,fallback,,,
Lindemans Faro,Bélgica,fallback,,,
Lindemans Framboise (Frambuesa),Bélgica,fallback,,,
Lindemans Kriek (Cereza),Bélgica,fallback,,,
Lindemans Pecheresse (Melocotón),Bélgica,fallback,,,
Lindemans Tea,Bélgica,fallback,,,
Litovel,República Checa,fallback,,,
Lobkowicz,República Checa,fallback,,,
Lola,Bélgica,fallback,,,
London Ale,Reino Unido,found,File:Labatt s London Ale.jpg,224.0,https://upload.wikimedia.org/wikipedia/commons/c/c2/Labatt_s_London_Ale.jpg
Loterbol Blond,Bélgica,fallback,File:Loterbol (bier).JPG,129.0,
Loterbol Bruin,Bélgica,fallback,File:Loterbol (bier).JPG,129.0,
Löwenbräu,Alemania,found,"File:Löwenbräu, 2019.jpg",167.0,https://upload.wikimedia.org/wikipedia/commons/thumb/3/36/L%C3%B6wenbr%C3%A4u%2C_2019.jpg/500px-L%C3%B6wenbr%C3%A4u%2C_2019.jpg
Lucifer,Bélgica,found,File:Lucifer bottle.jpg,224.0,https://upload.wikimedia.org/wikipedia/commons/thumb/6/6b/Lucifer_bottle.jpg/500px-Lucifer_bottle.jpg
Lupulus,Bélgica,found,File:Lupulus bier.JPG,224.0,https://upload.wikimedia.org/wikipedia/commons/thumb/b/b1/Lupulus_bier.JPG/500px-Lupulus_bier.JPG
Maclay Wallace,Reino Unido,fallback,,,
Maes,Bélgica,found,File:Maes pils can.jpg,224.0,https://upload.wikimedia.org/wikipedia/commons/thumb/0/09/Maes_pils_can.jpg/500px-Maes_pils_can.jpg
Mahou,España,found,"File:Tapas Bar & Restaurant, Palo Santo Cafe, Mahou (beer), brewed by the Spanish brewing company.jpg",224.0,https://upload.wikimedia.org/wikipedia/commons/thumb/c/c7/Tapas_Bar_%26_Restaurant%2C_Palo_Santo_Cafe%2C_Mahou_%28beer%29%2C_brewed_by_the_Spanish_brewing_company.jpg/500px-Tapas_Bar_%26_Restaurant%2C_Palo_Santo_Cafe%2C_Mahou_%28beer%29%2C_brewed_by_the_Spanish_brewing_company.jpg
Maldita,Canadá,fallback,,,
Malheur 4,Bélgica,fallback,,,
Malheur 6,Bélgica,found,File:Malheur 6.JPG,167.0,https://upload.wikimedia.org/wikipedia/commons/thumb/3/3b/Malheur_6.JPG/500px-Malheur_6.JPG
Malheur Millenium,Bélgica,fallback,,,
Maredsous Dubble (8),Bélgica,fallback,File:Maredsous blond bier.jpg,93.0,
Maredsous Triple (10),Bélgica,found,File:Maredsous tripel.jpg,93.0,https://upload.wikimedia.org/wikipedia/commons/thumb/4/49/Maredsous_tripel.jpg/500px-Maredsous_tripel.jpg
Marston´s India Export,Reino Unido,fallback,,,
Marston's Old Empire,Reino Unido,fallback,,,
Marston's Oyster Stout,Reino Unido,found,File:Marston's.Oyster.Stout.2012.JPG,224.0,https://upload.wikimedia.org/wikipedia/commons/thumb/e/e9/Marston%27s.Oyster.Stout.2012.JPG/500px-Marston%27s.Oyster.Stout.2012.JPG
Marston's Pedigree Ale,Reino Unido,fallback,,,
Marston's Strong Pale Ale,Reino Unido,fallback,File:Marston's.Oyster.Stout.2012.JPG,129.0,
Marston's  Single Malt,Reino Unido,fallback,,,
Melbourn Bros (Fresa),Reino Unido,fallback,,,
Mexicana´10,Bélgica,fallback,,,
Mezquita,España,found,"File:1927-05-15, Córdoba Gráfica, Cervezas La Mezquita.jpg",167.0,https://upload.wikimedia.org/wikipedia/commons/thumb/a/ac/1927-05-15%2C_C%C3%B3rdoba_Gr%C3%A1fica%2C_Cervezas_La_Mezquita.jpg/500px-1927-05-15%2C_C%C3%B3rdoba_Gr%C3%A1fica%2C_Cervezas_La_Mezquita.jpg
Midòna,Italia,fallback,,,
Miller,Estados Unidos,found,File:Miller Lite and Genny Light beer trucks.jpg,224.0,https://upload.wikimedia.org/wikipedia/commons/thumb/d/df/Miller_Lite_and_Genny_Light_beer_trucks.jpg/500px-Miller_Lite_and_Genny_Light_beer_trucks.jpg
Modelo Negra,México,found,File:Modelo Negra and Victoria beer bottles.jpg,224.0,https://upload.wikimedia.org/wikipedia/commons/thumb/5/52/Modelo_Negra_and_Victoria_beer_bottles.jpg/500px-Modelo_Negra_and_Victoria_beer_bottles.jpg
Modelo Rubia,México,fallback,,,
Moeder Overste Triple,Bélgica,fallback,,,
Moinette (Biologique),Bélgica,fallback,File:Moinettebio.jpg,95.0,
Mönchshof Bock,Alemania,fallback,,,
Mönchshof Original Pils,Alemania,fallback,,,
Mönchshof Schwarz,Alemania,fallback,,,
Mongozo (exotic-coco),Países Bajos,fallback,,,
Mongozo (exotic-mango),Países Bajos,fallback,,,
Mongozo (exotic-palma),Países Bajos,fallback,,,
Mongozo (exotic-plátano),Países Bajos,fallback,,,
Mongozo (exotic-quinua),Países Bajos,fallback,,,
Mort Subite Framboise,Bélgica,fallback,,,
Mort Subite Kriek,Bélgica,fallback,,,
Murphy´s,Irlanda,fallback,,,
Nessie,Estados Unidos,fallback,,,
Newcastle Bronw Ale,Reino Unido,fallback,,,
Nostradamus,Bélgica,fallback,,,
Oberdorfer Weissbier,Alemania,fallback,,,
Oberdorfer Weissbier Dunkel,Alemania,fallback,,,
O'Hara's Irish Follain,Irlanda,fallback,,,
O'Hara's Irish Pale Ale,Irlanda,fallback,,,
O'Hara's Irish Red Ale,Irlanda,fallback,,,
O'Hara's Irish Stout,Irlanda,fallback,,,
Old Speckled Hen,Reino Unido,found,File:Old Speckled Hen Can (500ml).JPG,224.0,https://upload.wikimedia.org/wikipedia/commons/1/16/Old_Speckled_Hen_Can_%28500ml%29.JPG
Orval,Bélgica,found,existing,,https://commons.wikimedia.org/wiki/Special:FilePath/Orval%20et%20son%20verre%20crop.jpg
Pacífico Clara,México,found,"File:Cerveza Pacífico Clara at the Gold Coast, 2022.jpg",184.0,https://upload.wikimedia.org/wikipedia/commons/thumb/6/66/Cerveza_Pac%C3%ADfico_Clara_at_the_Gold_Coast%2C_2022.jpg/500px-Cerveza_Pac%C3%ADfico_Clara_at_the_Gold_Coast%2C_2022.jpg
Pagoa (Blond),España,fallback,,,
Pagoa (Bruin),España,fallback,,,
Pagoa (Red),España,fallback,,,
Palma Cristal,Cuba,fallback,,,
Pardubický Porter,República Checa,fallback,,,
Paulaner Hefe Weissbier,Alemania,found,File:Paulaner Hefe-Weissbier.JPG,175.0,https://upload.wikimedia.org/wikipedia/commons/thumb/8/86/Paulaner_Hefe-Weissbier.JPG/500px-Paulaner_Hefe-Weissbier.JPG
Paulaner Lager,Alemania,fallback,,,
Paulaner Salvator,Alemania,found,File:Paulaner.Salvator.JPG,175.0,https://upload.wikimedia.org/wikipedia/commons/thumb/2/20/Paulaner.Salvator.JPG/500px-Paulaner.Salvator.JPG
Pelforth,Francia,found,File:Pelforth glass.jpg,184.0,https://upload.wikimedia.org/wikipedia/commons/thumb/b/b1/Pelforth_glass.jpg/500px-Pelforth_glass.jpg
Petrus Blond,Bélgica,found,File:Petrus blond.JPG,175.0,https://upload.wikimedia.org/wikipedia/commons/thumb/6/6a/Petrus_blond.JPG/500px-Petrus_blond.JPG
Petrus Dubbel Bruin,Bélgica,found,File:Petrus dubbel bruin.JPG,175.0,https://upload.wikimedia.org/wikipedia/commons/thumb/e/ec/Petrus_dubbel_bruin.JPG/500px-Petrus_dubbel_bruin.JPG
Petrus Gouden Triple,Bélgica,fallback,,,
Petrus Speciale,Bélgica,found,File:Petrus speciale.JPG,175.0,https://upload.wikimedia.org/wikipedia/commons/thumb/f/f4/Petrus_speciale.JPG/500px-Petrus_speciale.JPG
Pilsener,Ecuador,found,File:Pilsener Light Bottle.jpg,184.0,https://upload.wikimedia.org/wikipedia/commons/thumb/f/fb/Pilsener_Light_Bottle.jpg/500px-Pilsener_Light_Bottle.jpg
Pirata (Piraat),Bélgica,fallback,File:Los piratas de la Malasia - bdh0000213076.pdf,95.0,
Queue de Charrue Blonde,Bélgica,fallback,,,
Queue de Charrue Bruin,Bélgica,fallback,,,
Quilmes,Argentina,found,existing,,https://commons.wikimedia.org/wiki/Special:FilePath/Quilmes%20Logo.svg
Radeberger,Alemania,found,File:Radeberger.jpg,175.0,https://upload.wikimedia.org/wikipedia/commons/thumb/4/40/Radeberger.jpg/500px-Radeberger.jpg
Raftman,Canadá,fallback,,,
Rauchenfelser,Alemania,fallback,,,
Red Stripe,Jamaica,found,existing,,https://commons.wikimedia.org/wiki/Special:FilePath/Red%20Stripe%202012.JPG
Rochefort 10,Bélgica,found,File:Rochefort 10 beer.jpg,184.0,https://upload.wikimedia.org/wikipedia/commons/c/c8/Rochefort_10_beer.jpg
Rochefort 6,Bélgica,found,File:Trappistes de Rochefort - 6.jpg,175.0,https://upload.wikimedia.org/wikipedia/commons/thumb/4/42/Trappistes_de_Rochefort_-_6.jpg/500px-Trappistes_de_Rochefort_-_6.jpg
Rochefort 8,Bélgica,found,File:Trappistes de Rochefort - 8.jpg,175.0,https://upload.wikimedia.org/wikipedia/commons/thumb/5/51/Trappistes_de_Rochefort_-_8.jpg/500px-Trappistes_de_Rochefort_-_8.jpg
Rochefortoise,Bélgica,found,"File:Musée Européen de la Bière, Rochefortoise beer bottle.JPG",184.0,https://upload.wikimedia.org/wikipedia/commons/thumb/9/97/Mus%C3%A9e_Europ%C3%A9en_de_la_Bi%C3%A8re%2C_Rochefortoise_beer_bottle.JPG/500px-Mus%C3%A9e_Europ%C3%A9en_de_la_Bi%C3%A8re%2C_Rochefortoise_beer_bottle.JPG
Rodenbach,Bélgica,found,File:Rodenbach (bier).jpg,184.0,https://upload.wikimedia.org/wikipedia/commons/thumb/a/a8/Rodenbach_%28bier%29.jpg/500px-Rodenbach_%28bier%29.jpg
Rodenbach Grand Cru,Bélgica,found,File:Rodenbach grand cru bottle.jpg,184.0,https://upload.wikimedia.org/wikipedia/commons/thumb/f/fa/Rodenbach_grand_cru_bottle.jpg/500px-Rodenbach_grand_cru_bottle.jpg
Russia´17,Bélgica,fallback,,,
Saison Dupont (Biologique),Bélgica,found,File:Capsule plastique de fût de bière Saison Dupont.jpg,152.0,https://upload.wikimedia.org/wikipedia/commons/thumb/3/36/Capsule_plastique_de_f%C3%BBt_de_bi%C3%A8re_Saison_Dupont.jpg/500px-Capsule_plastique_de_f%C3%BBt_de_bi%C3%A8re_Saison_Dupont.jpg
Salitos,Bélgica,found,File:Salitos flavoured with tequila (MBG Global Brands).jpg,175.0,https://upload.wikimedia.org/wikipedia/commons/thumb/d/d7/Salitos_flavoured_with_tequila_%28MBG_Global_Brands%29.jpg/500px-Salitos_flavoured_with_tequila_%28MBG_Global_Brands%29.jpg
Samichlaus,Austria,found,File:Samichlaus beer.2011.JPG,184.0,https://upload.wikimedia.org/wikipedia/commons/thumb/8/8d/Samichlaus_beer.2011.JPG/500px-Samichlaus_beer.2011.JPG
Samuel Adams,Estados Unidos,found,existing,,https://commons.wikimedia.org/wiki/Special:FilePath/Samuel%20Adams%20beer%20glass.JPG
Samuel Smith's Imperial Stout,Reino Unido,found,"File:Samuel Smith's Imperial Stout and Fruit Beer glasses, lounge, Railway Inn, Spofforth, North Yorkshire (4th May 2019).jpg",184.0,https://upload.wikimedia.org/wikipedia/commons/thumb/4/49/Samuel_Smith%27s_Imperial_Stout_and_Fruit_Beer_glasses%2C_lounge%2C_Railway_Inn%2C_Spofforth%2C_North_Yorkshire_%284th_May_2019%29.jpg/500px-Samuel_Smith%27s_Imperial_Stout_and_Fruit_Beer_glasses%2C_lounge%2C_Railway_Inn%2C_Spofforth%2C_North_Yorkshire_%284th_May_2019%29.jpg
Samuel Smith's Nut Brown Ale,Reino Unido,fallback,,,
Samuel Smith's Oatmeal,Reino Unido,fallback,,,
Samuel Smith's Old Brewery Pale Ale,Reino Unido,fallback,,,
Samuel Smith's Taddy Porter,Reino Unido,fallback,,,
Samuel Smith's Winter Ale,Reino Unido,fallback,,,
San Miguel 1516,España,fallback,,,
San Miguel Selecta,España,fallback,,,
Sapporo,Japón,found,File:Sapporo Beer Museum.JPG,184.0,https://upload.wikimedia.org/wikipedia/commons/thumb/a/a7/Sapporo_Beer_Museum.JPG/500px-Sapporo_Beer_Museum.JPG
Satan Gold,Bélgica,fallback,,,
Satan Red,Bélgica,found,File:Satan Red.JPG,175.0,https://upload.wikimedia.org/wikipedia/commons/thumb/8/8a/Satan_Red.JPG/500px-Satan_Red.JPG
Schlösser Alt,Alemania,found,"File:Schlösser - Alt, 2019.jpg",175.0,https://upload.wikimedia.org/wikipedia/commons/thumb/a/a0/Schl%C3%B6sser_-_Alt%2C_2019.jpg/500px-Schl%C3%B6sser_-_Alt%2C_2019.jpg
Schneider Hopfenweisse TAP 5,Alemania,fallback,,,
Schneider Unser Aventinus TAP 6,Alemania,fallback,,,
Schneider Unser Original TAP 7,Alemania,fallback,,,
Schneider Weissen,Alemania,fallback,,,
Scotch Silly,Bélgica,fallback,,,
Sierra Nevada Pale Ale,Estados Unidos,found,File:Sierra Nevada Pale Ale.jpg,184.0,https://upload.wikimedia.org/wikipedia/commons/thumb/3/3c/Sierra_Nevada_Pale_Ale.jpg/500px-Sierra_Nevada_Pale_Ale.jpg
Sierra Nevada Torpedo Extra Pale Ale,Estados Unidos,fallback,File:Sierra Nevada Pale Ale.jpg,93.0,
Singha,Tailandia,found,existing,,https://commons.wikimedia.org/wiki/Special:FilePath/BiereSingha.jpg
Sixex Strong Alex,Reino Unido,fallback,,,
Slaapmutske Tripel,Bélgica,found,File:Slaapmutske Tripel.jpg,184.0,https://upload.wikimedia.org/wikipedia/commons/thumb/f/f0/Slaapmutske_Tripel.jpg/500px-Slaapmutske_Tripel.jpg
Sol,México,fallback,File:Best of Madeira - Coral Beer at Ponta do Sol.webm,89.0,
Spitfire Premium Ale,Reino Unido,fallback,,,
Sputnik,España,fallback,,,
St. Adriaans,Bélgica,fallback,,,
St. Arnoldus Triple,Bélgica,fallback,,,
St. Bernardus ABT 12,Bélgica,found,File:St.Bernardus.Abt.12.JPG,175.0,https://upload.wikimedia.org/wikipedia/commons/thumb/f/f0/St.Bernardus.Abt.12.JPG/500px-St.Bernardus.Abt.12.JPG
St. Bernardus S. Pater 6,Bélgica,fallback,,,
St. Bernardus S. Prior 8,Bélgica,fallback,,,
St. Bernardus Triple,Bélgica,found,File:St Bernardus Triple 1.JPG,175.0,https://upload.wikimedia.org/wikipedia/commons/thumb/d/d9/St_Bernardus_Triple_1.JPG/500px-St_Bernardus_Triple_1.JPG
St. Bernardus Witte,Bélgica,fallback,,,
St. Feuillien Cuvèe de Noel,Bélgica,fallback,,,
St. Feuillien Triple,Bélgica,found,File:St. Feuillien Triple e Saison.jpg,175.0,https://upload.wikimedia.org/wikipedia/commons/thumb/5/5f/St._Feuillien_Triple_e_Saison.jpg/500px-St._Feuillien_Triple_e_Saison.jpg
St. Louis (Cereza),Bélgica,fallback,"File:E. Anheuser Co.'s Brewing Association Bock (Beer), St. Louis, MO.jpg",140.0,
St. Louis (Frambuesa),Bélgica,fallback,"File:E. Anheuser Co.'s Brewing Association Bock (Beer), St. Louis, MO.jpg",148.0,
St. Louis (Melocotón),Bélgica,fallback,"File:E. Anheuser Co.'s Brewing Association Bock (Beer), St. Louis, MO.jpg",140.0,
St. Louis (Trigo),Bélgica,fallback,"File:E. Anheuser Co.'s Brewing Association Bock (Beer), St. Louis, MO.jpg",148.0,
St. Peter's Cream Stout,Reino Unido,found,File:St. Peter's Cream Stout.JPG,184.0,https://upload.wikimedia.org/wikipedia/commons/thumb/5/5a/St._Peter%27s_Cream_Stout.JPG/500px-St._Peter%27s_Cream_Stout.JPG
St. Peter's Honey Porter,Reino Unido,fallback,,,
St. Peter's India Pale Ale,Reino Unido,fallback,,,
St. Peter's Old Style Porter,Reino Unido,fallback,,,
St. Peter's Organic Ale,Reino Unido,fallback,,,
St. Peter's Ruby Red Ale,Reino Unido,fallback,,,
St. Sebastiaan Dark,Bélgica,found,File:Sterkens - St. Sebastiaan Dark.jpg,175.0,https://upload.wikimedia.org/wikipedia/commons/thumb/b/ba/Sterkens_-_St._Sebastiaan_Dark.jpg/500px-Sterkens_-_St._Sebastiaan_Dark.jpg
St. Sebastiaan Grand Cru,Bélgica,found,File:Sterkens - St. Sebastiaan Grand Cru.jpg,175.0,https://upload.wikimedia.org/wikipedia/commons/thumb/b/b8/Sterkens_-_St._Sebastiaan_Grand_Cru.jpg/500px-Sterkens_-_St._Sebastiaan_Grand_Cru.jpg
Staropramen,República Checa,found,existing,,https://commons.wikimedia.org/wiki/Special:FilePath/Staropramen.jpg
Steenbrugge Dubbel,Bélgica,found,File:Steenbrugge Dubbel.jpg,175.0,https://upload.wikimedia.org/wikipedia/commons/thumb/7/7f/Steenbrugge_Dubbel.jpg/500px-Steenbrugge_Dubbel.jpg
Steenbrugge Triple,Bélgica,fallback,,,
Straffe (Brugse),Bélgica,found,File:Straffe Hendrik.jpg,139.0,https://upload.wikimedia.org/wikipedia/commons/thumb/2/20/Straffe_Hendrik.jpg/500px-Straffe_Hendrik.jpg
Straffe Hendrik,Bélgica,found,File:Straffe Hendrik.jpg,175.0,https://upload.wikimedia.org/wikipedia/commons/thumb/2/20/Straffe_Hendrik.jpg/500px-Straffe_Hendrik.jpg
Suffolk Strong,Reino Unido,fallback,,,
Super Bock,Portugal,found,File:Rashmi Nigam at Super Bock beer launch (25).jpg,184.0,https://upload.wikimedia.org/wikipedia/commons/thumb/a/a9/Rashmi_Nigam_at_Super_Bock_beer_launch_%2825%29.jpg/500px-Rashmi_Nigam_at_Super_Bock_beer_launch_%2825%29.jpg
Super des Fagnes,Bélgica,found,File:Super des Fagnes.jpg,175.0,https://upload.wikimedia.org/wikipedia/commons/thumb/e/ea/Super_des_Fagnes.jpg/500px-Super_des_Fagnes.jpg
Tabachéra,Italia,fallback,,,
Te Deum (Blond),Bélgica,fallback,,,
Te Deum (Brune),Bélgica,fallback,,,
Te Deum (Red),Bélgica,fallback,,,
Tecate,México,found,File:Cerveza tecate.jpg,184.0,https://upload.wikimedia.org/wikipedia/commons/thumb/2/2b/Cerveza_tecate.jpg/500px-Cerveza_tecate.jpg
Tennent´s,Reino Unido,found,File:Tennent Caledonian Wellpark Brewery - geograph.org.uk - 3559862.jpg,89.0,https://upload.wikimedia.org/wikipedia/commons/thumb/f/f6/Tennent_Caledonian_Wellpark_Brewery_-_geograph.org.uk_-_3559862.jpg/500px-Tennent_Caledonian_Wellpark_Brewery_-_geograph.org.uk_-_3559862.jpg
Tequieros (Aromatizada con Tequila),Francia,fallback,,,
Tiger,Singapur,found,existing,,https://commons.wikimedia.org/wiki/Special:FilePath/Tiger%20-%20Asian%20Lager%2C%202019.jpg
Tilburg's Dutch Bronw Ale,Países Bajos,fallback,,,
Tongerlo Dubble,Bélgica,fallback,,,
Tongerlo Triple,Bélgica,fallback,,,
Tres Pistolas,Canadá,fallback,,,
Triple Moine,Bélgica,found,File:Triple Moine.jpg,175.0,https://upload.wikimedia.org/wikipedia/commons/thumb/9/9e/Triple_Moine.jpg/500px-Triple_Moine.jpg
Troubadour Blond,Bélgica,found,File:Troubadourblond.jpg,95.0,https://upload.wikimedia.org/wikipedia/commons/thumb/d/d1/Troubadourblond.jpg/500px-Troubadourblond.jpg
Troubadour Obscura,Bélgica,found,File:Troubadour obscura.jpg,175.0,https://upload.wikimedia.org/wikipedia/commons/thumb/0/06/Troubadour_obscura.jpg/500px-Troubadour_obscura.jpg
Troublette,Bélgica,found,File:Troublette.JPG,175.0,https://upload.wikimedia.org/wikipedia/commons/thumb/d/db/Troublette.JPG/500px-Troublette.JPG
Tsingtao,China,found,File:Tsingtao beer in the Czech Republic.jpg,184.0,https://upload.wikimedia.org/wikipedia/commons/thumb/7/7e/Tsingtao_beer_in_the_Czech_Republic.jpg/500px-Tsingtao_beer_in_the_Czech_Republic.jpg
Tuborg Premium,Dinamarca,fallback,,,
Tuborg Strong,Dinamarca,fallback,,,
Urbock,Austria,found,File:Cap of Einbecker Brauhaus - Einbecker Ainpökisch Bier 1378 Naturtrüber Urbock.jpg,184.0,https://upload.wikimedia.org/wikipedia/commons/thumb/2/2c/Cap_of_Einbecker_Brauhaus_-_Einbecker_Ainp%C3%B6kisch_Bier_1378_Naturtr%C3%BCber_Urbock.jpg/330px-Cap_of_Einbecker_Brauhaus_-_Einbecker_Ainp%C3%B6kisch_Bier_1378_Naturtr%C3%BCber_Urbock.jpg
Urqüell Pilsner,República Checa,found,File:Pilsner Urquell Brewery.jpg,89.0,https://upload.wikimedia.org/wikipedia/commons/thumb/e/ec/Pilsner_Urquell_Brewery.jpg/500px-Pilsner_Urquell_Brewery.jpg
Urthel Hop-It,Bélgica,found,File:Urthel hop it.jpg,175.0,https://upload.wikimedia.org/wikipedia/commons/thumb/3/37/Urthel_hop_it.jpg/500px-Urthel_hop_it.jpg
Urthel Saisonniere,Bélgica,found,File:Urthel saisonniere.jpg,175.0,https://upload.wikimedia.org/wikipedia/commons/thumb/f/fb/Urthel_saisonniere.jpg/500px-Urthel_saisonniere.jpg
Urthel Samararanth,Bélgica,fallback,,,
Urthel Vlaemse Bock,Bélgica,fallback,,,
Val Dieu Triple,Bélgica,found,File:Val Dieu Triple 1.JPG,175.0,https://upload.wikimedia.org/wikipedia/commons/thumb/9/91/Val_Dieu_Triple_1.JPG/500px-Val_Dieu_Triple_1.JPG
Victory Storm King Imperial Stout,Estados Unidos,fallback,,,
Vieux Temps,Bélgica,found,File:Vieux Temps.JPG,175.0,https://upload.wikimedia.org/wikipedia/commons/thumb/c/c1/Vieux_Temps.JPG/500px-Vieux_Temps.JPG
Voll Damm,España,found,File:Lata de cerveza Voll Damm.jpg,184.0,https://upload.wikimedia.org/wikipedia/commons/thumb/3/3d/Lata_de_cerveza_Voll_Damm.jpg/500px-Lata_de_cerveza_Voll_Damm.jpg
Volpina,Italia,fallback,,,
Vondel,Bélgica,found,File:Vondel bier.jpg,184.0,https://upload.wikimedia.org/wikipedia/commons/thumb/b/ba/Vondel_bier.jpg/500px-Vondel_bier.jpg
Warsteiner,Alemania,found,"File:Warsteiner Brauerei - Warsteiner Pilsener, 2019.jpg",175.0,https://upload.wikimedia.org/wikipedia/commons/thumb/8/86/Warsteiner_Brauerei_-_Warsteiner_Pilsener%2C_2019.jpg/500px-Warsteiner_Brauerei_-_Warsteiner_Pilsener%2C_2019.jpg
Waterloo Double,Bélgica,fallback,,,
Waterloo Triple,Bélgica,found,File:Waterloo Triple Blond (Ferme de Mont-Saint Jean).jpg,175.0,https://upload.wikimedia.org/wikipedia/commons/thumb/9/95/Waterloo_Triple_Blond_%28Ferme_de_Mont-Saint_Jean%29.jpg/500px-Waterloo_Triple_Blond_%28Ferme_de_Mont-Saint_Jean%29.jpg
Watou Triple,Bélgica,fallback,,,
Weihenstephan Kobinian,Alemania,fallback,,,
Weihenstephan Vitus,Alemania,fallback,,,
Weihenstephaner Hefe Weissbier,Alemania,found,File:Weihenstephaner Hefe Weissbier.JPG,175.0,https://upload.wikimedia.org/wikipedia/commons/thumb/b/b0/Weihenstephaner_Hefe_Weissbier.JPG/500px-Weihenstephaner_Hefe_Weissbier.JPG
Weiss Damm,España,fallback,,,
Weizeland Dunkel,Alemania,fallback,,,
Weizeland Hefetrüb,Alemania,fallback,,,
Weltenburger Kloster,Alemania,fallback,,,
Westmalle Double,Bélgica,fallback,,,
Westmalle Triple,Bélgica,fallback,,,
Westvleteren 12,Bélgica,fallback,,,
Westvleteren 8,Bélgica,found,File:Westvleteren 8 mit Etikett.jpg,167.0,https://upload.wikimedia.org/wikipedia/commons/thumb/9/9b/Westvleteren_8_mit_Etikett.jpg/500px-Westvleteren_8_mit_Etikett.jpg
Westvleteren Blond,Bélgica,found,"File:Westvleteren Blond, 8, 12.jpg",167.0,https://upload.wikimedia.org/wikipedia/commons/thumb/1/15/Westvleteren_Blond%2C_8%2C_12.jpg/500px-Westvleteren_Blond%2C_8%2C_12.jpg
White Shield,Reino Unido,found,File:White Shield Brewery - geograph.org.uk - 3181056.jpg,224.0,https://upload.wikimedia.org/wikipedia/commons/thumb/4/46/White_Shield_Brewery_-_geograph.org.uk_-_3181056.jpg/500px-White_Shield_Brewery_-_geograph.org.uk_-_3181056.jpg
Witap Pater Duble,Bélgica,fallback,,,
Witap Pater Stimulo,Bélgica,fallback,,,
Witap Pater Triple,Bélgica,fallback,,,
Wolters Pilsener,Alemania,found,File:Cap of Hofbrauhaus Wolters GmbH - Wolters Pilsener.jpg,167.0,https://upload.wikimedia.org/wikipedia/commons/0/00/Cap_of_Hofbrauhaus_Wolters_GmbH_-_Wolters_Pilsener.jpg
Yria Brown Ale,España,fallback,,,
Yria Golden Ale,España,fallback,,,
Zhujiang,China,found,File:HK drink SW Parkn shop goods Beer cans 珠江啤酒 Pearl River Large June-2013 Guangzhou Zhujiang Brewery Group.JPG,224.0,https://upload.wikimedia.org/wikipedia/commons/thumb/a/a2/HK_drink_SW_Parkn_shop_goods_Beer_cans_%E7%8F%A0%E6%B1%9F%E5%95%A4%E9%85%92_Pearl_River_Large_June-2013_Guangzhou_Zhujiang_Brewery_Group.JPG/500px-HK_drink_SW_Parkn_shop_goods_Beer_cans_%E7%8F%A0%E6%B1%9F%E5%95%A4%E9%85%92_Pearl_River_Large_June-2013_Guangzhou_Zhujiang_Brewery_Group.JPG
Zywiec,Polonia,found,File:020210821 193650 Zywiec beer.jpg,224.0,https://upload.wikimedia.org/wikipedia/commons/thumb/b/b2/020210821_193650_Zywiec_beer.jpg/500px-020210821_193650_Zywiec_beer.jpg
